{
	"1": {
		"property": "HPDelta",
		"type": "HP",
		"base": 27.096031,
		"mid": 30.483035,
		"max": 33.870039,
		"step": 3.387004
	},
	"2": {
		"property": "AttackDelta",
		"type": "ATK",
		"base": 13.548016,
		"mid": 15.241518000000001,
		"max": 16.93502,
		"step": 1.693502
	},
	"3": {
		"property": "DefenceDelta",
		"type": "DEF",
		"base": 13.548016,
		"mid": 15.241518000000001,
		"max": 16.93502,
		"step": 1.693502
	},
	"4": {
		"property": "HPAddedRatio",
		"type": "HP%",
		"base": 0.027648,
		"mid": 0.0311040005,
		"max": 0.034560001,
		"step": 0.0034560005
	},
	"5": {
		"property": "AttackAddedRatio",
		"type": "ATK%",
		"base": 0.027648,
		"mid": 0.0311040005,
		"max": 0.034560001,
		"step": 0.0034560005
	},
	"6": {
		"property": "DefenceAddedRatio",
		"type": "DEF%",
		"base": 0.034560002,
		"mid": 0.0388800023,
		"max": 0.0432000026,
		"step": 0.0043200003
	},
	"7": {
		"property": "SpeedDelta",
		"type": "SPD",
		"base": 1.6,
		"mid": 1.8,
		"max": 2,
		"step": 0.2
	},
	"8": {
		"property": "CriticalChanceBase",
		"type": "CRIT Rate",
		"base": 0.020736001,
		"mid": 0.0233280019,
		"max": 0.025920002799999998,
		"step": 0.0025920009
	},
	"9": {
		"property": "CriticalDamageBase",
		"type": "CRIT DMG",
		"base": 0.041472,
		"mid": 0.0466560004,
		"max": 0.0518400008,
		"step": 0.0051840004
	},
	"10": {
		"property": "StatusProbabilityBase",
		"type": "Effect Hit Rate",
		"base": 0.027648,
		"mid": 0.0311040005,
		"max": 0.034560001,
		"step": 0.0034560005
	},
	"11": {
		"property": "StatusResistanceBase",
		"type": "Effect RES",
		"base": 0.027648,
		"mid": 0.0311040005,
		"max": 0.034560001,
		"step": 0.0034560005
	},
	"12": {
		"property": "BreakDamageAddedRatioBase",
		"type": "Break Effect%",
		"base": 0.041472,
		"mid": 0.0466560004,
		"max": 0.0518400008,
		"step": 0.0051840004
	}
}