{
	"1": {
		"property": "HPDelta",
		"type": "HP",
		"base": 33.87004,
		"mid": 38.103795000000005,
		"max": 42.33755000000001,
		"step": 4.233755
	},
	"2": {
		"property": "AttackDelta",
		"type": "ATK",
		"base": 16.935019,
		"mid": 19.051896,
		"max": 21.168772999999998,
		"step": 2.116877
	},
	"3": {
		"property": "DefenceDelta",
		"type": "DEF",
		"base": 16.935019,
		"mid": 19.051896,
		"max": 21.168772999999998,
		"step": 2.116877
	},
	"4": {
		"property": "HPAddedRatio",
		"type": "HP%",
		"base": 0.034560002,
		"mid": 0.0388800023,
		"max": 0.0432000026,
		"step": 0.0043200003
	},
	"5": {
		"property": "AttackAddedRatio",
		"type": "ATK%",
		"base": 0.034560002,
		"mid": 0.0388800023,
		"max": 0.0432000026,
		"step": 0.0043200003
	},
	"6": {
		"property": "DefenceAddedRatio",
		"type": "DEF%",
		"base": 0.0432,
		"mid": 0.048600000000000004,
		"max": 0.054000000000000006,
		"step": 0.0054
	},
	"7": {
		"property": "SpeedDelta",
		"type": "SPD",
		"base": 2,
		"mid": 2.3,
		"max": 2.5999999999999996,
		"step": 0.3
	},
	"8": {
		"property": "CriticalChanceBase",
		"type": "CRIT Rate",
		"base": 0.02592,
		"mid": 0.029160000199999998,
		"max": 0.0324000004,
		"step": 0.0032400002
	},
	"9": {
		"property": "CriticalDamageBase",
		"type": "CRIT DMG",
		"base": 0.05184,
		"mid": 0.058320000399999995,
		"max": 0.0648000008,
		"step": 0.0064800004
	},
	"10": {
		"property": "StatusProbabilityBase",
		"type": "Effect Hit Rate",
		"base": 0.034560002,
		"mid": 0.0388800023,
		"max": 0.0432000026,
		"step": 0.0043200003
	},
	"11": {
		"property": "StatusResistanceBase",
		"type": "Effect RES",
		"base": 0.034560002,
		"mid": 0.0388800023,
		"max": 0.0432000026,
		"step": 0.0043200003
	},
	"12": {
		"property": "BreakDamageAddedRatioBase",
		"type": "Break Effect%",
		"base": 0.05184,
		"mid": 0.058320000399999995,
		"max": 0.0648000008,
		"step": 0.0064800004
	}
}