{
	"1": {
		"property": "HPDelta",
		"type": "HP",
		"base": 33.870039001107216,
		"mid": 38.103794001974165,
		"max": 42.337549002841115,
		"step": 4.23375500086695
	},
	"2": {
		"property": "AttackDelta",
		"type": "ATK",
		"base": 16.935019000666216,
		"mid": 19.05189600144513,
		"max": 21.168773002224043,
		"step": 2.1168770007789135
	},
	"3": {
		"property": "DefenceDelta",
		"type": "DEF",
		"base": 16.935019000666216,
		"mid": 19.05189600144513,
		"max": 21.168773002224043,
		"step": 2.1168770007789135
	},
	"4": {
		"property": "HPAddedRatio",
		"type": "HP%",
		"base": 0.03456000052392483,
		"mid": 0.03888000058941543,
		"max": 0.043200000654906034,
		"step": 0.0043200000654906034
	},
	"5": {
		"property": "AttackAddedRatio",
		"type": "ATK%",
		"base": 0.03456000052392483,
		"mid": 0.03888000058941543,
		"max": 0.043200000654906034,
		"step": 0.0043200000654906034
	},
	"6": {
		"property": "DefenceAddedRatio",
		"type": "DEF%",
		"base": 0.043199999956414104,
		"mid": 0.048599999863654375,
		"max": 0.05399999977089465,
		"step": 0.005399999907240272
	},
	"7": {
		"property": "SpeedDelta",
		"type": "SPD",
		"base": 2,
		"mid": 2.3000000002793968,
		"max": 2.6000000005587935,
		"step": 0.3000000002793968
	},
	"8": {
		"property": "CriticalChanceBase",
		"type": "CRIT Rate",
		"base": 0.02592000039294362,
		"mid": 0.029160000616684556,
		"max": 0.03240000084042549,
		"step": 0.0032400002237409353
	},
	"9": {
		"property": "CriticalDamageBase",
		"type": "CRIT DMG",
		"base": 0.05184000078588724,
		"mid": 0.05832000123336911,
		"max": 0.06480000168085098,
		"step": 0.006480000447481871
	},
	"10": {
		"property": "StatusProbabilityBase",
		"type": "Effect Hit Rate",
		"base": 0.03456000052392483,
		"mid": 0.03888000058941543,
		"max": 0.043200000654906034,
		"step": 0.0043200000654906034
	},
	"11": {
		"property": "StatusResistanceBase",
		"type": "Effect RES",
		"base": 0.03456000052392483,
		"mid": 0.03888000058941543,
		"max": 0.043200000654906034,
		"step": 0.0043200000654906034
	},
	"12": {
		"property": "BreakDamageAddedRatioBase",
		"type": "Break Effect%",
		"base": 0.05184000078588724,
		"mid": 0.05832000123336911,
		"max": 0.06480000168085098,
		"step": 0.006480000447481871
	}
}