{
	"1": {
		"property": "HPDelta",
		"type": "HP",
		"base": 27.09603099990636,
		"mid": 30.483034999808297,
		"max": 33.87003899971023,
		"step": 3.3870039999019355
	},
	"2": {
		"property": "AttackDelta",
		"type": "ATK",
		"base": 13.548016000073403,
		"mid": 15.241518000839278,
		"max": 16.935020001605153,
		"step": 1.693502000765875
	},
	"3": {
		"property": "DefenceDelta",
		"type": "DEF",
		"base": 13.548016000073403,
		"mid": 15.241518000839278,
		"max": 16.935020001605153,
		"step": 1.693502000765875
	},
	"4": {
		"property": "HPAddedRatio",
		"type": "HP%",
		"base": 0.027648000279441476,
		"mid": 0.031104000750929117,
		"max": 0.03456000122241676,
		"step": 0.0034560004714876413
	},
	"5": {
		"property": "AttackAddedRatio",
		"type": "ATK%",
		"base": 0.027648000279441476,
		"mid": 0.031104000750929117,
		"max": 0.03456000122241676,
		"step": 0.0034560004714876413
	},
	"6": {
		"property": "DefenceAddedRatio",
		"type": "DEF%",
		"base": 0.03456000052392483,
		"mid": 0.03888000058941543,
		"max": 0.043200000654906034,
		"step": 0.0043200000654906034
	},
	"7": {
		"property": "SpeedDelta",
		"type": "SPD",
		"base": 1.6000000005587935,
		"mid": 1.800000000745058,
		"max": 2.0000000009313226,
		"step": 0.20000000018626451
	},
	"8": {
		"property": "CriticalChanceBase",
		"type": "CRIT Rate",
		"base": 0.020736000733450055,
		"mid": 0.023328001610934734,
		"max": 0.025920002488419414,
		"step": 0.0025920008774846792
	},
	"9": {
		"property": "CriticalDamageBase",
		"type": "CRIT DMG",
		"base": 0.04147200076840818,
		"mid": 0.046656001126393676,
		"max": 0.05184000148437917,
		"step": 0.0051840003579854965
	},
	"10": {
		"property": "StatusProbabilityBase",
		"type": "Effect Hit Rate",
		"base": 0.027648000279441476,
		"mid": 0.031104000750929117,
		"max": 0.03456000122241676,
		"step": 0.0034560004714876413
	},
	"11": {
		"property": "StatusResistanceBase",
		"type": "Effect RES",
		"base": 0.027648000279441476,
		"mid": 0.031104000750929117,
		"max": 0.03456000122241676,
		"step": 0.0034560004714876413
	},
	"12": {
		"property": "BreakDamageAddedRatioBase",
		"type": "Break Effect%",
		"base": 0.04147200076840818,
		"mid": 0.046656001126393676,
		"max": 0.05184000148437917,
		"step": 0.0051840003579854965
	}
}